,RequestNumber,Index Name,INDEX_NAME,HistoricalDate,OPEN,HIGH,LOW,CLOSE
0,His63925001285915315000,,Nifty Smallcap 50,31 Aug 2026,9999.45,10003.7,9891,9937.70
1,His63925001285915315000,,Nifty Smallcap 50,28 Aug 2026,10040.05,10050.9,9998.8,10015.00
2,His63925001285915315000,,Nifty Smallcap 50,27 Aug 2026,10019.5,10050.3,9994.25,10020.90
3,His63925001285915315000,,Nifty Smallcap 50,26 Aug 2026,9966.95,10030.75,9963.1,10012.10
4,His63925001285915315000,,Nifty Smallcap 50,25 Aug 2026,9931.75,9952.05,9887.65,9950.25
5,His63925001285915315000,,Nifty Smallcap 50,24 Aug 2026,10008.65,10032.4,9943.2,9952.25
6,His63925001285915315000,,Nifty Smallcap 50,21 Aug 2026,9959.85,10021.75,9943.15,9987.05
7,His63925001285915315000,,Nifty Smallcap 50,20 Aug 2026,9903.4,9964.5,9899.1,9901.85
8,His63925001285915315000,,Nifty Smallcap 50,19 Aug 2026,9887.4,9893.95,9824.7,9845.60
9,His63925001285915315000,,Nifty Smallcap 50,18 Aug 2026,9892.85,9936.45,9868.4,9893.45
10,His63925001285915315000,,Nifty Smallcap 50,17 Aug 2026,9885.55,9905.45,9827.75,9901.90
11,His63925001285915315000,,Nifty Smallcap 50,14 Aug 2026,9934.85,9957.05,9869.85,9873.95
12,His63925001285915315000,,Nifty Smallcap 50,13 Aug 2026,9927.05,9956.55,9913.5,9943.20
13,His63925001285915315000,,Nifty Smallcap 50,12 Aug 2026,9961.65,9964.9,9889.8,9914.30
14,His63925001285915315000,,Nifty Smallcap 50,11 Aug 2026,9958.3,9981.45,9930.75,9942.80
15,His63925001285915315000,,Nifty Smallcap 50,10 Aug 2026,9941.55,9983.75,9913.2,9925.30
16,His63925001285915315000,,Nifty Smallcap 50,07 Aug 2026,9937,9965.35,9909.5,9955.90
17,His63925001285915315000,,Nifty Smallcap 50,06 Aug 2026,9901.25,9968,9874.55,9945.05
18,His63925001285915315000,,Nifty Smallcap 50,05 Aug 2026,9792.5,9866.4,9788.75,9843.15
19,His63925001285915315000,,Nifty Smallcap 50,04 Aug 2026,9769,9798.5,9733.3,9751.80
20,His63925001285915315000,,Nifty Smallcap 50,03 Aug 2026,9697,9777.8,9676.65,9757.55
21,His63925001285915315000,,Nifty Smallcap 50,31 Jul 2026,9627.1,9676.9,9613.75,9644.45
22,His63925001285915315000,,Nifty Smallcap 50,30 Jul 2026,9645.9,9649.15,9581.8,9593.10
23,His63925001285915315000,,Nifty Smallcap 50,29 Jul 2026,9539.3,9647.8,9515,9641.10
24,His63925001285915315000,,Nifty Smallcap 50,28 Jul 2026,9487.85,9510.65,9439.3,9502.55
25,His63925001285915315000,,Nifty Smallcap 50,27 Jul 2026,9442.25,9492.65,9428.95,9486.35
26,His63925001285915315000,,Nifty Smallcap 50,24 Jul 2026,9329.25,9374.55,9246.65,9362.65
27,His63925001285915315000,,Nifty Smallcap 50,23 Jul 2026,9474.3,9479.75,9377.65,9384.40
28,His63925001285915315000,,Nifty Smallcap 50,22 Jul 2026,9644.85,9646.3,9471.65,9483.75
29,His63925001285915315000,,Nifty Smallcap 50,21 Jul 2026,9640.15,9677.8,9622.05,9659.15
30,His63925001285915315000,,Nifty Smallcap 50,20 Jul 2026,9570.6,9639.35,9544.9,9611.00
31,His63925001285915315000,,Nifty Smallcap 50,17 Jul 2026,9619.1,9621,9489.55,9576.65
32,His63925001285915315000,,Nifty Smallcap 50,16 Jul 2026,9629.75,9633.65,9562.4,9597.90
33,His63925001285915315000,,Nifty Smallcap 50,15 Jul 2026,9572.9,9650.5,9552.8,9588.15
34,His63925001285915315000,,Nifty Smallcap 50,14 Jul 2026,9610,9612.35,9519.3,9533.70
35,His63925001285915315000,,Nifty Smallcap 50,13 Jul 2026,9560.75,9648.45,9517.25,9638.20
36,His63925001285915315000,,Nifty Smallcap 50,10 Jul 2026,9542.15,9636.7,9523.45,9621.15
37,His63925001285915315000,,Nifty Smallcap 50,09 Jul 2026,9334.85,9495.15,9323.7,9477.95
38,His63925001285915315000,,Nifty Smallcap 50,08 Jul 2026,9488,9523.15,9266.1,9306.85
39,His63925001285915315000,,Nifty Smallcap 50,07 Jul 2026,9597.6,9602.5,9507.1,9531.70
40,His63925001285915315000,,Nifty Smallcap 50,06 Jul 2026,9475.65,9589,9461.2,9578.15
41,His63925001285915315000,,Nifty Smallcap 50,03 Jul 2026,9503.5,9523.7,9460.3,9470.40
42,His63925001285915315000,,Nifty Smallcap 50,02 Jul 2026,9387.4,9464.85,9367.15,9460.00
43,His63925001285915315000,,Nifty Smallcap 50,01 Jul 2026,9346.6,9406.3,9322.9,9354.15
44,His63925001286011196600,,Nifty Smallcap 50,30 Jun 2026,9264.15,9355.25,9251.5,9332.55
45,His63925001286011196600,,Nifty Smallcap 50,29 Jun 2026,9292.75,9306.3,9200.45,9235.05
46,His63925001286011196600,,Nifty Smallcap 50,25 Jun 2026,9369.45,9373.1,9286.95,9295.95
47,His63925001286011196600,,Nifty Smallcap 50,24 Jun 2026,9278.05,9339.3,9230.4,9332.05
48,His63925001286011196600,,Nifty Smallcap 50,23 Jun 2026,9352.45,9388.7,9258.25,9288.55
49,His63925001286011196600,,Nifty Smallcap 50,22 Jun 2026,9332.35,9341.05,9298.8,9326.85
50,His63925001286011196600,,Nifty Smallcap 50,19 Jun 2026,9228.95,9306.55,9213.9,9285.45
51,His63925001286011196600,,Nifty Smallcap 50,18 Jun 2026,9204.85,9262.8,9187.4,9238.80
52,His63925001286011196600,,Nifty Smallcap 50,17 Jun 2026,9146.25,9189.45,9134.65,9181.85
53,His63925001286011196600,,Nifty Smallcap 50,16 Jun 2026,9106.7,9138.55,9073.9,9114.60
54,His63925001286011196600,,Nifty Smallcap 50,15 Jun 2026,9117,9140.65,9060.95,9073.50
55,His63925001286011196600,,Nifty Smallcap 50,12 Jun 2026,8871.4,8983.7,8849.65,8976.10
56,His63925001286011196600,,Nifty Smallcap 50,11 Jun 2026,8740.35,8822.6,8700.25,8746.80
57,His63925001286011196600,,Nifty Smallcap 50,10 Jun 2026,8918.1,8929.1,8762.5,8779.00
58,His63925001286011196600,,Nifty Smallcap 50,09 Jun 2026,8805.05,8917.6,8804.95,8905.50
59,His63925001286011196600,,Nifty Smallcap 50,08 Jun 2026,8812.9,8877.15,8735.85,8766.30
60,His63925001286011196600,,Nifty Smallcap 50,05 Jun 2026,8938.15,8969.55,8863.9,8909.55
61,His63925001286011196600,,Nifty Smallcap 50,04 Jun 2026,8855.9,8946.85,8841.15,8914.25
62,His63925001286011196600,,Nifty Smallcap 50,03 Jun 2026,8909,8916.95,8762.1,8880.25
63,His63925001286011196600,,Nifty Smallcap 50,02 Jun 2026,8837.7,8905.2,8780.3,8894.60
64,His63925001286011196600,,Nifty Smallcap 50,01 Jun 2026,9008.6,9038.9,8868.85,8882.00
65,His63925001286024690600,,Nifty Smallcap 50,29 May 2026,9075.5,9091.3,8930.25,8951.35
66,His63925001286024690600,,Nifty Smallcap 50,27 May 2026,9032.25,9083.95,9014.3,9039.45
67,His63925001286024690600,,Nifty Smallcap 50,26 May 2026,8988.05,9066.45,8983,9013.75
68,His63925001286024690600,,Nifty Smallcap 50,25 May 2026,8929.15,8987.85,8921.95,8977.90
69,His63925001286024690600,,Nifty Smallcap 50,22 May 2026,8871.7,8881.3,8824.65,8836.70
70,His63925001286024690600,,Nifty Smallcap 50,21 May 2026,8870.85,8898.5,8832.65,8858.30
71,His63925001286024690600,,Nifty Smallcap 50,20 May 2026,8776.3,8822.4,8725.8,8811.65
72,His63925001286024690600,,Nifty Smallcap 50,19 May 2026,8749.1,8859.4,8737.95,8824.65
73,His63925001286024690600,,Nifty Smallcap 50,18 May 2026,8781.9,8781.9,8606,8718.35
74,His63925001286024690600,,Nifty Smallcap 50,15 May 2026,8881.65,8894,8784.95,8824.95
75,His63925001286024690600,,Nifty Smallcap 50,14 May 2026,8892.65,8918,8757.55,8871.90
76,His63925001286024690600,,Nifty Smallcap 50,13 May 2026,8841.65,8919.1,8807.35,8845.90
77,His63925001286024690600,,Nifty Smallcap 50,12 May 2026,9071.85,9089.75,8805.85,8818.50
78,His63925001286024690600,,Nifty Smallcap 50,11 May 2026,9126.15,9142.8,9038.35,9079.90
79,His63925001286024690600,,Nifty Smallcap 50,08 May 2026,9179.95,9208.25,9148.15,9174.55
80,His63925001286024690600,,Nifty Smallcap 50,07 May 2026,9133.4,9185.9,9102.35,9168.60
81,His63925001286024690600,,Nifty Smallcap 50,06 May 2026,8994.2,9097.8,8968.15,9084.75
82,His63925001286024690600,,Nifty Smallcap 50,05 May 2026,8879.1,8912.85,8844.2,8901.20
83,His63925001286024690600,,Nifty Smallcap 50,04 May 2026,8854.1,8933.95,8800.85,8865.05
84,His63925001286118423000,,Nifty Smallcap 50,30 Apr 2026,8822.15,8833.7,8695.9,8786.60
85,His63925001286118423000,,Nifty Smallcap 50,29 Apr 2026,8834.9,8879.75,8816.4,8832.90
86,His63925001286118423000,,Nifty Smallcap 50,28 Apr 2026,8782.1,8836,8770,8788.50
87,His63925001286118423000,,Nifty Smallcap 50,27 Apr 2026,8637.7,8762.4,8633.45,8749.05
88,His63925001286118423000,,Nifty Smallcap 50,24 Apr 2026,8651.95,8688.9,8532.4,8586.10
89,His63925001286118423000,,Nifty Smallcap 50,23 Apr 2026,8665.35,8720.85,8617.9,8633.15
90,His63925001286118423000,,Nifty Smallcap 50,22 Apr 2026,8582.85,8705.15,8573.35,8691.40
91,His63925001286118423000,,Nifty Smallcap 50,21 Apr 2026,8539.6,8614.9,8531.8,8585.65
92,His63925001286118423000,,Nifty Smallcap 50,20 Apr 2026,8565.35,8574.05,8448,8508.20
93,His63925001286118423000,,Nifty Smallcap 50,17 Apr 2026,8443.65,8562.05,8424.85,8552.95
94,His63925001286118423000,,Nifty Smallcap 50,16 Apr 2026,8432.8,8458.85,8346.8,8414.90
95,His63925001286118423000,,Nifty Smallcap 50,15 Apr 2026,8312.1,8372.7,8284.4,8361.70
96,His63925001286118423000,,Nifty Smallcap 50,13 Apr 2026,8048.55,8185.45,7963.95,8167.50
97,His63925001286118423000,,Nifty Smallcap 50,10 Apr 2026,8114.95,8221.85,8104.55,8202.65
98,His63925001286118423000,,Nifty Smallcap 50,09 Apr 2026,8086.9,8135.8,8030.05,8067.55
99,His63925001286118423000,,Nifty Smallcap 50,08 Apr 2026,8000.5,8089.75,7939.2,8078.85
100,His63925001286118423000,,Nifty Smallcap 50,07 Apr 2026,7699.6,7757.2,7645.45,7722.15
101,His63925001286118423000,,Nifty Smallcap 50,06 Apr 2026,7645.85,7741.5,7534,7735.15
102,His63925001286118423000,,Nifty Smallcap 50,02 Apr 2026,7565.15,7646.05,7404.25,7625.85
103,His63925001286118423000,,Nifty Smallcap 50,01 Apr 2026,7661.8,7745.05,7629.6,7666.95
104,His63925001286618423300,,Nifty Smallcap 50,30 Mar 2026,7567.9,7593.2,7452.85,7465.05
105,His63925001286618423300,,Nifty Smallcap 50,27 Mar 2026,7752.45,7757.7,7640.45,7657.80
106,His63925001286618423300,,Nifty Smallcap 50,25 Mar 2026,7684.35,7853.75,7656.05,7805.45
107,His63925001286618423300,,Nifty Smallcap 50,24 Mar 2026,7576.2,7618.95,7398.7,7598.25
108,His63925001286618423300,,Nifty Smallcap 50,23 Mar 2026,7613,7613.4,7338.35,7400.60
109,His63925001286618423300,,Nifty Smallcap 50,20 Mar 2026,7763.15,7808.45,7669.25,7683.40
110,His63925001286618423300,,Nifty Smallcap 50,19 Mar 2026,7827.55,7833.15,7667.9,7696.25
111,His63925001286618423300,,Nifty Smallcap 50,18 Mar 2026,7849.55,7972.5,7838.15,7940.75
112,His63925001286618423300,,Nifty Smallcap 50,17 Mar 2026,7803.9,7837.05,7745,7813.50
113,His63925001286618423300,,Nifty Smallcap 50,16 Mar 2026,7771.05,7814,7626.15,7761.75
114,His63925001286618423300,,Nifty Smallcap 50,13 Mar 2026,7956.65,7961.4,7762.25,7792.00
115,His63925001286618423300,,Nifty Smallcap 50,12 Mar 2026,8017.3,8053.35,7898.75,7985.20
116,His63925001286618423300,,Nifty Smallcap 50,11 Mar 2026,8119.15,8172.7,8040.45,8054.20
117,His63925001286618423300,,Nifty Smallcap 50,10 Mar 2026,8022.8,8117.85,8002.7,8098.45
118,His63925001286618423300,,Nifty Smallcap 50,09 Mar 2026,7934.75,7943.45,7795.95,7926.15
119,His63925001286618423300,,Nifty Smallcap 50,06 Mar 2026,8128.95,8193.55,8081.35,8091.85
120,His63925001286618423300,,Nifty Smallcap 50,05 Mar 2026,8047.6,8151.9,8012.2,8139.00
121,His63925001286618423300,,Nifty Smallcap 50,04 Mar 2026,8060.65,8063.85,7929,7991.45
122,His63925001286618423300,,Nifty Smallcap 50,02 Mar 2026,7986.6,8260.6,7983.8,8167.25
123,His63925001286227797000,,Nifty Smallcap 50,27 Feb 2026,8404.35,8410.55,8289.05,8302.30
124,His63925001286227797000,,Nifty Smallcap 50,26 Feb 2026,8428.75,8455.8,8361.6,8409.85
125,His63925001286227797000,,Nifty Smallcap 50,25 Feb 2026,8369.55,8442.15,8363,8417.35
126,His63925001286227797000,,Nifty Smallcap 50,24 Feb 2026,8337.9,8361.25,8275.55,8334.00
127,His63925001286227797000,,Nifty Smallcap 50,23 Feb 2026,8393.7,8432.45,8326.35,8364.90
128,His63925001286227797000,,Nifty Smallcap 50,20 Feb 2026,8324.7,8369.35,8301.5,8333.65
129,His63925001286227797000,,Nifty Smallcap 50,19 Feb 2026,8489.5,8497.6,8309,8335.15
130,His63925001286227797000,,Nifty Smallcap 50,18 Feb 2026,8427.3,8464.95,8393.5,8456.75
131,His63925001286227797000,,Nifty Smallcap 50,17 Feb 2026,8363.45,8414.85,8340.15,8406.30
132,His63925001286227797000,,Nifty Smallcap 50,16 Feb 2026,8260.45,8367.2,8213.15,8362.05
133,His63925001286227797000,,Nifty Smallcap 50,13 Feb 2026,8404.5,8406.95,8281.4,8318.55
134,His63925001286227797000,,Nifty Smallcap 50,12 Feb 2026,8505,8505,8435.6,8478.10
135,His63925001286227797000,,Nifty Smallcap 50,11 Feb 2026,8532.85,8533.15,8470,8517.00
136,His63925001286227797000,,Nifty Smallcap 50,10 Feb 2026,8512.5,8546.2,8487.45,8519.50
137,His63925001286227797000,,Nifty Smallcap 50,09 Feb 2026,8337.4,8495.65,8315.1,8484.50
138,His63925001286227797000,,Nifty Smallcap 50,06 Feb 2026,8246.65,8276.5,8136.9,8266.00
139,His63925001286227797000,,Nifty Smallcap 50,05 Feb 2026,8380.55,8380.55,8235.3,8285.10
140,His63925001286227797000,,Nifty Smallcap 50,04 Feb 2026,8273.35,8425.7,8245.15,8411.10
141,His63925001286227797000,,Nifty Smallcap 50,03 Feb 2026,8420,8471.1,8238.9,8268.15
142,His63925001286227797000,,Nifty Smallcap 50,02 Feb 2026,7951.05,8057.7,7825.4,8024.75
143,His63925001286227797000,,Nifty Smallcap 50,01 Feb 2026,8121.65,8131.6,7833.65,7968.60
144,His63925001286337172900,,Nifty Smallcap 50,30 Jan 2026,8145.7,8237.2,8054.2,8189.35
145,His63925001286337172900,,Nifty Smallcap 50,29 Jan 2026,8224.15,8232.9,8125.05,8175.05
146,His63925001286337172900,,Nifty Smallcap 50,28 Jan 2026,8090,8201.35,8077.05,8189.95
147,His63925001286337172900,,Nifty Smallcap 50,27 Jan 2026,8042.15,8076.2,7936.4,8041.45
148,His63925001286337172900,,Nifty Smallcap 50,23 Jan 2026,8189.1,8193.15,7971.35,7984.55
149,His63925001286337172900,,Nifty Smallcap 50,22 Jan 2026,8172.4,8215,8061.2,8140.65
150,His63925001286337172900,,Nifty Smallcap 50,21 Jan 2026,8166.85,8208.45,7995.45,8085.55
151,His63925001286337172900,,Nifty Smallcap 50,20 Jan 2026,8430.6,8430.9,8169.85,8192.45
152,His63925001286337172900,,Nifty Smallcap 50,19 Jan 2026,8499.2,8521.3,8410.9,8426.35
153,His63925001286337172900,,Nifty Smallcap 50,16 Jan 2026,8537.55,8574.3,8488.3,8505.35
154,His63925001286337172900,,Nifty Smallcap 50,14 Jan 2026,8441.25,8541.75,8427.75,8520.25
155,His63925001286337172900,,Nifty Smallcap 50,13 Jan 2026,8409.65,8460.85,8359,8447.55
156,His63925001286337172900,,Nifty Smallcap 50,12 Jan 2026,8436.35,8441.55,8265.6,8374.55
157,His63925001286337172900,,Nifty Smallcap 50,09 Jan 2026,8593.2,8621.55,8420.7,8435.05
158,His63925001286337172900,,Nifty Smallcap 50,08 Jan 2026,8786.6,8794.35,8584.45,8605.10
159,His63925001286337172900,,Nifty Smallcap 50,07 Jan 2026,8711.45,8792,8683.9,8774.90
160,His63925001286337172900,,Nifty Smallcap 50,06 Jan 2026,8735.9,8743.75,8661.3,8706.55
161,His63925001286337172900,,Nifty Smallcap 50,05 Jan 2026,8679.4,8728.55,8655.25,8696.30
162,His63925001286337172900,,Nifty Smallcap 50,02 Jan 2026,8621.5,8663.35,8592,8656.75
163,His63925001286337172900,,Nifty Smallcap 50,01 Jan 2026,8617.35,8621.25,8554.75,8602.45
