,DATE,SERIES,OPEN,HIGH,LOW,PREV. CLOSE,LTP,CLOSE,VWAP,VOLUME,VALUE,NO OF TRADES,DELIVERY QTY,DELIVERY %,SYMBOL
0,2026-08-30 18:30:00,EQ,1278.7,1297.6,1271.0,1287.0,1277.0,1277.0,1278.43,34871137,44580283834.5,244866,30329813,86.98,RELIANCE
1,2026-08-27 18:30:00,EQ,1284.9,1291.8,1280.0,1282.2,1287.0,1287.0,1284.52,6830228,8773545135.7,166675,4052582,59.33,RELIANCE
2,2026-08-26 18:30:00,EQ,1305.0,1308.4,1282.2,1298.0,1282.2,1282.2,1292.18,11271497,14564825828.9,218067,6282905,55.74,RELIANCE
3,2026-08-25 18:30:00,EQ,1310.0,1315.6,1298.0,1317.0,1298.0,1298.0,1305.66,5744474,7500340576.2,99432,3668643,63.86,RELIANCE
4,2026-08-24 18:30:00,EQ,1304.3,1317.1,1300.0,1309.8,1317.0,1317.0,1305.89,7115355,9291891624.7,104584,3766609,52.94,RELIANCE
5,2026-08-23 18:30:00,EQ,1316.6,1320.0,1302.4,1316.0,1309.8,1309.8,1307.91,7277167,9517855656.3,135944,4653509,63.95,RELIANCE
6,2026-08-20 18:30:00,EQ,1314.0,1316.0,1308.0,1313.2,1316.0,1316.0,1311.2,5434871,7126221067.3,92200,3403581,62.62,RELIANCE
7,2026-08-19 18:30:00,EQ,1315.5,1316.5,1307.0,1311.0,1313.2,1313.2,1312.27,5546227,7278168655.0,125718,2637500,47.55,RELIANCE
8,2026-08-18 18:30:00,EQ,1320.3,1321.6,1303.5,1322.0,1311.0,1311.0,1312.86,7489365,9832451637.5,160390,4352516,58.12,RELIANCE
9,2026-08-17 18:30:00,EQ,1314.0,1328.6,1311.2,1316.0,1322.0,1322.0,1322.76,10180567,13466467033.1,198021,5641717,55.42,RELIANCE
10,2026-08-16 18:30:00,EQ,1314.0,1320.8,1298.1,1310.0,1316.0,1316.0,1308.63,13383867,17514489451.0,208057,8534220,63.76,RELIANCE
11,2026-08-13 18:30:00,EQ,1317.0,1317.5,1301.5,1317.0,1310.0,1310.0,1308.27,10497358,13733404720.5,138435,7602445,72.42,RELIANCE
12,2026-08-12 18:30:00,EQ,1327.8,1327.8,1307.2,1329.0,1317.0,1317.0,1313.84,9397301,12346553928.4,147799,4954244,52.72,RELIANCE
13,2026-08-11 18:30:00,EQ,1323.9,1329.0,1309.2,1323.9,1329.0,1329.0,1316.33,7901012,10400335523.9,129875,4165584,52.72,RELIANCE
14,2026-08-10 18:30:00,EQ,1326.6,1328.7,1314.1,1327.3,1323.9,1323.9,1322.58,9953124,13163770084.2,121384,4398099,44.19,RELIANCE
15,2026-08-09 18:30:00,EQ,1330.1,1332.9,1321.3,1334.8,1327.3,1327.3,1326.94,8207102,10890305339.4,160982,5393844,65.72,RELIANCE
16,2026-08-06 18:30:00,EQ,1320.0,1337.0,1316.6,1325.0,1334.8,1334.8,1329.09,9885638,13138878797.8,161575,5187857,52.48,RELIANCE
17,2026-08-05 18:30:00,EQ,1285.0,1325.2,1281.2,1280.0,1325.0,1325.0,1313.24,20342297,26714270356.2,279507,10551876,51.87,RELIANCE
18,2026-08-04 18:30:00,EQ,1293.0,1299.0,1270.1,1290.9,1280.0,1280.0,1280.84,24820782,31791472335.4,355243,16901245,68.09,RELIANCE
19,2026-08-03 18:30:00,EQ,1315.0,1315.0,1286.4,1319.0,1290.9,1290.9,1296.35,10759546,13948179020.5,216789,5281866,49.09,RELIANCE
20,2026-08-02 18:30:00,EQ,1315.2,1319.0,1306.0,1307.8,1319.0,1319.0,1311.09,7508023,9843685449.4,158782,4864043,64.78,RELIANCE
21,2026-07-30 18:30:00,EQ,1295.0,1309.7,1293.6,1292.9,1305.0,1307.8,1303.09,8624996,11239164495.9,142746,5632148,65.3,RELIANCE
22,2026-07-29 18:30:00,EQ,1279.8,1297.0,1275.3,1275.9,1289.4,1292.9,1290.41,12158451,15689434967.6,209491,5286226,43.48,RELIANCE
23,2026-07-28 18:30:00,EQ,1275.0,1282.4,1268.7,1267.7,1277.1,1275.9,1275.55,9448307,12051805840.6,193119,5843381,61.85,RELIANCE
24,2026-07-27 18:30:00,EQ,1275.0,1279.2,1265.9,1280.0,1271.7,1267.7,1271.03,9312184,11836095240.8,233124,6136279,65.9,RELIANCE
25,2026-07-26 18:30:00,EQ,1288.2,1288.7,1278.0,1278.0,1281.0,1280.0,1281.07,7163132,9176506048.7,130094,4761835,66.48,RELIANCE
26,2026-07-23 18:30:00,EQ,1265.0,1283.4,1249.8,1272.2,1280.5,1278.0,1274.32,9817000,12509975780.1,240418,5777734,58.85,RELIANCE
27,2026-07-22 18:30:00,EQ,1283.0,1287.3,1268.0,1288.6,1272.6,1272.2,1275.97,12580741,16052696292.6,240048,7246752,57.6,RELIANCE
28,2026-07-21 18:30:00,EQ,1302.0,1304.6,1280.7,1303.7,1284.0,1288.6,1291.01,10840383,13995001337.7,225591,7623313,70.32,RELIANCE
29,2026-07-20 18:30:00,EQ,1321.0,1326.9,1302.7,1323.1,1304.6,1303.7,1309.52,12753410,16700809195.3,204419,7494948,58.77,RELIANCE
30,2026-07-19 18:30:00,EQ,1317.2,1345.9,1314.9,1327.2,1321.9,1323.1,1330.16,14305844,19029041193.9,221661,6652359,46.5,RELIANCE
31,2026-07-16 18:30:00,EQ,1300.0,1330.3,1296.1,1296.6,1328.8,1327.2,1321.39,18302218,24184386410.4,257494,11508344,62.88,RELIANCE
32,2026-07-15 18:30:00,EQ,1295.5,1309.4,1291.8,1295.5,1300.0,1296.6,1301.2,15631046,20339050955.8,219816,8745884,55.95,RELIANCE
33,2026-07-14 18:30:00,EQ,1294.1,1310.9,1294.1,1293.0,1296.0,1295.5,1300.25,9577965,12453701323.8,189291,5093114,53.18,RELIANCE
34,2026-07-13 18:30:00,EQ,1290.0,1308.0,1286.9,1296.9,1295.0,1293.0,1296.78,13511284,17521220474.2,231407,4897495,36.25,RELIANCE
35,2026-07-12 18:30:00,EQ,1300.0,1306.4,1295.0,1307.8,1297.0,1296.9,1299.42,9488352,12329316771.2,227014,5166377,54.45,RELIANCE
36,2026-07-09 18:30:00,EQ,1291.9,1311.1,1287.8,1279.8,1310.0,1307.8,1301.71,8412537,10950723928.2,143317,4683839,55.68,RELIANCE
37,2026-07-08 18:30:00,EQ,1277.1,1296.5,1274.2,1275.9,1280.9,1279.8,1286.53,14651963,18850219782.4,279312,5180456,35.36,RELIANCE
38,2026-07-07 18:30:00,EQ,1297.0,1302.3,1271.6,1308.4,1274.9,1275.9,1284.32,19960868,25636141483.5,368557,11407500,57.15,RELIANCE
39,2026-07-06 18:30:00,EQ,1323.5,1328.0,1304.1,1321.3,1305.0,1308.4,1314.21,14335554,18839874763.2,262924,7655322,53.4,RELIANCE
40,2026-07-05 18:30:00,EQ,1304.0,1325.6,1299.4,1304.0,1321.7,1321.3,1316.79,7610709,10021698838.7,210015,4107659,53.97,RELIANCE
41,2026-07-02 18:30:00,EQ,1312.0,1312.0,1302.0,1303.5,1305.0,1304.0,1305.14,7839550,10231733311.4,209968,5182007,66.1,RELIANCE
42,2026-07-01 18:30:00,EQ,1310.0,1313.2,1299.0,1308.0,1301.9,1303.5,1303.94,17795024,23203584205.1,331954,10336425,58.09,RELIANCE
43,2026-06-30 18:30:00,EQ,1298.9,1312.2,1296.5,1293.9,1306.5,1308.0,1307.11,7001401,9151570032.2,149608,3773191,53.89,RELIANCE
44,2026-06-29 18:30:00,EQ,1306.9,1306.9,1290.0,1301.0,1294.5,1293.9,1295.14,15695263,20327586926.9,213627,8704168,55.46,RELIANCE
45,2026-06-28 18:30:00,EQ,1308.0,1313.7,1292.6,1318.1,1302.3,1301.0,1302.94,13757656,17925371908.1,233886,8969596,65.2,RELIANCE
46,2026-06-24 18:30:00,EQ,1318.0,1328.0,1314.6,1313.6,1316.5,1318.1,1320.81,12694362,16766828496.7,226862,7014422,55.26,RELIANCE
47,2026-06-23 18:30:00,EQ,1305.7,1322.0,1297.5,1309.5,1313.4,1313.6,1312.24,11030917,14475176030.9,181859,6021744,54.59,RELIANCE
48,2026-06-23 18:30:00,BL,1309.5,1309.5,1309.5,1534.0,1309.5,1309.5,1309.5,719579,942288700.5,1,0,,RELIANCE
49,2026-06-22 18:30:00,EQ,1328.9,1333.0,1304.0,1326.5,1306.0,1309.5,1318.19,15400184,20300411366.4,184704,8479383,55.06,RELIANCE
50,2026-06-21 18:30:00,EQ,1316.7,1344.9,1314.1,1309.5,1324.7,1326.5,1333.48,12931213,17243520821.4,261143,5782937,44.72,RELIANCE
51,2026-06-18 18:30:00,EQ,1328.0,1338.2,1305.3,1328.1,1311.5,1309.5,1317.76,24887034,32795056305.4,271929,14095366,56.64,RELIANCE
52,2026-06-17 18:30:00,EQ,1330.0,1333.9,1322.0,1332.7,1331.0,1328.1,1327.75,15494549,20572897900.8,210055,6234754,40.24,RELIANCE
53,2026-06-16 18:30:00,EQ,1333.0,1334.0,1317.0,1328.8,1332.1,1332.7,1328.97,10029170,13328474070.8,223240,5003254,49.89,RELIANCE
54,2026-06-15 18:30:00,EQ,1313.4,1333.4,1306.4,1307.0,1328.6,1328.8,1326.71,18513223,24561659086.4,268584,8733475,47.17,RELIANCE
55,2026-06-14 18:30:00,EQ,1315.3,1325.0,1303.3,1293.0,1306.5,1307.0,1311.06,18633321,24429312588.7,220103,10630134,57.05,RELIANCE
56,2026-06-11 18:30:00,EQ,1277.0,1297.0,1262.5,1263.0,1296.4,1293.0,1277.16,11988785,15311601155.2,196811,6180742,51.55,RELIANCE
57,2026-06-10 18:30:00,EQ,1258.0,1276.0,1253.2,1258.8,1264.5,1263.0,1265.78,13117486,16603791532.6,208052,5212340,39.74,RELIANCE
58,2026-06-09 18:30:00,EQ,1275.0,1300.5,1254.4,1269.2,1258.7,1258.8,1274.15,21012796,26773474717.2,307301,9317948,44.34,RELIANCE
59,2026-06-08 18:30:00,EQ,1269.0,1274.2,1257.5,1263.3,1272.3,1269.2,1264.75,23620214,29873731086.3,273651,11824048,50.06,RELIANCE
60,2026-06-07 18:30:00,EQ,1277.0,1282.6,1259.2,1291.0,1262.8,1263.3,1271.9,16494759,20979689703.1,303591,9936414,60.24,RELIANCE
61,2026-06-04 18:30:00,EQ,1304.5,1306.0,1288.0,1303.7,1291.4,1291.0,1294.8,17785223,23028393410.0,356802,11637226,65.43,RELIANCE
62,2026-06-03 18:30:00,EQ,1301.0,1311.2,1293.1,1313.2,1308.0,1303.7,1303.16,23474327,30590735365.6,318716,9510596,40.51,RELIANCE
63,2026-06-02 18:30:00,EQ,1315.0,1324.0,1301.0,1314.6,1312.6,1313.2,1309.61,20012293,26208226472.8,380780,10865825,54.3,RELIANCE
64,2026-06-01 18:30:00,EQ,1307.7,1327.8,1300.3,1320.0,1321.0,1314.6,1313.43,23302785,30606599536.0,362323,9705177,41.65,RELIANCE
65,2026-05-31 18:30:00,EQ,1332.5,1335.5,1318.5,1321.2,1320.2,1320.0,1324.32,10700603,14170974474.5,212031,6460846,60.38,RELIANCE
66,2026-05-28 18:30:00,EQ,1364.0,1369.0,1317.0,1350.5,1321.9,1321.2,1330.58,42634247,56728419201.1,309971,31551860,74.01,RELIANCE
67,2026-05-26 18:30:00,EQ,1353.0,1361.0,1348.6,1356.3,1352.0,1350.5,1354.62,13215138,17901499784.8,230257,4698429,35.55,RELIANCE
68,2026-05-25 18:30:00,EQ,1360.1,1368.5,1352.4,1367.0,1357.0,1356.3,1359.22,13769747,18716137070.8,148444,5055467,36.71,RELIANCE
69,2026-05-24 18:30:00,EQ,1366.8,1371.1,1357.0,1354.5,1366.4,1367.0,1363.11,6750071,9201071110.9,139554,3921477,58.1,RELIANCE
70,2026-05-21 18:30:00,EQ,1350.0,1367.4,1349.1,1349.6,1358.0,1354.5,1357.24,7105813,9644325563.8,163887,4083826,57.47,RELIANCE
71,2026-05-20 18:30:00,EQ,1367.2,1370.9,1345.2,1359.7,1349.0,1349.6,1352.83,17150630,23201823031.7,275605,6676740,38.93,RELIANCE
72,2026-05-19 18:30:00,EQ,1318.7,1362.9,1312.6,1322.7,1360.3,1359.7,1345.23,13248515,17822310858.2,227919,6957215,52.51,RELIANCE
73,2026-05-18 18:30:00,EQ,1338.7,1344.0,1318.4,1335.9,1322.8,1322.7,1332.15,21665501,28861686347.3,339757,9343867,43.13,RELIANCE
74,2026-05-17 18:30:00,EQ,1334.0,1342.0,1318.7,1336.4,1335.0,1335.9,1333.44,13022473,17364734585.6,224065,7474197,57.39,RELIANCE
75,2026-05-14 18:30:00,EQ,1356.8,1364.8,1329.2,1361.8,1339.0,1336.4,1339.37,19976192,26755567751.4,276450,13447636,67.32,RELIANCE
76,2026-05-13 18:30:00,EQ,1365.2,1378.0,1358.4,1358.8,1368.5,1361.8,1365.93,17303059,23634693081.4,312686,8049788,46.52,RELIANCE
77,2026-05-12 18:30:00,EQ,1361.4,1372.4,1352.4,1364.0,1361.2,1358.8,1360.83,13797989,18776783797.9,253418,8419138,61.02,RELIANCE
78,2026-05-11 18:30:00,EQ,1392.0,1393.5,1360.3,1388.2,1366.5,1364.0,1375.76,24357500,33509995739.5,405245,10240938,42.04,RELIANCE
79,2026-05-10 18:30:00,EQ,1420.0,1428.0,1382.0,1435.2,1385.3,1388.2,1402.78,15261787,21408932295.6,240591,9376027,61.43,RELIANCE
80,2026-05-07 18:30:00,EQ,1426.0,1442.8,1417.5,1436.2,1436.0,1435.2,1428.37,8663105,12374131086.6,173992,4635608,53.51,RELIANCE
81,2026-05-06 18:30:00,EQ,1438.8,1449.5,1430.3,1437.9,1435.5,1436.2,1438.64,19816903,28509373904.5,286996,4261570,21.5,RELIANCE
82,2026-05-05 18:30:00,EQ,1463.0,1473.3,1427.5,1463.6,1438.7,1437.9,1444.41,14221786,20542051719.1,282129,6769167,47.6,RELIANCE
83,2026-05-04 18:30:00,EQ,1460.0,1473.4,1450.0,1463.1,1462.5,1463.6,1461.45,23543341,34407523385.1,312401,10544782,44.79,RELIANCE
84,2026-05-03 18:30:00,EQ,1433.4,1467.4,1433.4,1430.8,1467.2,1463.1,1454.0,24035700,34947863091.0,417403,16691429,69.44,RELIANCE
85,2026-04-29 18:30:00,EQ,1409.0,1437.0,1393.1,1425.4,1436.0,1430.8,1416.42,30957881,43849430496.9,364569,16283197,52.6,RELIANCE
86,2026-04-28 18:30:00,EQ,1392.0,1433.8,1391.3,1388.9,1430.0,1425.4,1418.23,30542143,43315858969.9,377101,20507763,67.15,RELIANCE
87,2026-04-27 18:30:00,EQ,1358.0,1395.2,1357.0,1365.8,1393.0,1388.9,1380.39,41027699,56634360964.6,371160,26885393,65.53,RELIANCE
88,2026-04-26 18:30:00,EQ,1313.0,1371.6,1311.0,1327.8,1370.0,1365.8,1346.48,24673098,33221715766.8,301732,15984680,64.79,RELIANCE
89,2026-04-23 18:30:00,EQ,1340.0,1345.9,1325.0,1343.4,1331.0,1327.8,1333.01,11744802,15655932416.2,197088,8024498,68.32,RELIANCE
90,2026-04-22 18:30:00,EQ,1346.0,1355.5,1340.7,1362.1,1344.4,1343.4,1347.84,16385079,22084484854.7,209218,8010941,48.89,RELIANCE
91,2026-04-22 18:30:00,T0,1346.0,1346.0,1346.0,1362.1,1346.0,1343.4,1346.0,1,1346.0,1,1,100.0,RELIANCE
92,2026-04-21 18:30:00,EQ,1350.3,1366.0,1349.1,1353.3,1362.0,1362.1,1360.4,9525953,12959100398.9,153909,5874226,61.67,RELIANCE
93,2026-04-20 18:30:00,EQ,1359.0,1369.8,1350.1,1363.3,1354.9,1353.3,1356.6,27293629,37026449570.4,297701,13024765,47.72,RELIANCE
94,2026-04-19 18:30:00,EQ,1363.2,1373.0,1352.8,1365.0,1361.1,1363.3,1365.92,13614733,18596570380.6,240331,5936535,43.6,RELIANCE
95,2026-04-16 18:30:00,EQ,1340.0,1368.4,1340.0,1343.3,1364.9,1365.0,1359.14,13869105,18850089777.3,226433,6045217,43.59,RELIANCE
96,2026-04-15 18:30:00,EQ,1352.0,1353.8,1330.0,1344.1,1345.9,1343.3,1338.46,30211012,40436195396.3,333177,8252499,27.32,RELIANCE
97,2026-04-14 18:30:00,EQ,1337.0,1347.0,1334.2,1315.1,1342.9,1344.1,1340.02,15313779,20520818325.6,259818,7805326,50.97,RELIANCE
98,2026-04-12 18:30:00,EQ,1321.2,1327.6,1310.0,1350.2,1314.0,1315.1,1316.46,28753269,37852516273.6,456747,14244342,49.54,RELIANCE
99,2026-04-09 18:30:00,EQ,1337.0,1352.3,1331.5,1330.0,1350.0,1350.2,1346.97,19364461,26083304335.7,228260,11281336,58.26,RELIANCE
100,2026-04-08 18:30:00,EQ,1346.0,1350.0,1326.3,1347.8,1330.0,1330.0,1333.26,20725390,27632249237.2,277395,7504004,36.21,RELIANCE
101,2026-04-07 18:30:00,EQ,1349.0,1350.6,1326.2,1304.6,1349.4,1347.8,1343.02,21817543,29301422736.4,434059,10468433,47.98,RELIANCE
102,2026-04-06 18:30:00,EQ,1295.0,1308.3,1291.0,1304.7,1307.3,1304.6,1298.73,28388922,36869641751.6,364146,13097750,46.14,RELIANCE
103,2026-04-05 18:30:00,EQ,1359.0,1359.0,1290.0,1350.5,1306.0,1304.7,1306.37,29274881,38243783551.0,584670,14516258,49.59,RELIANCE
104,2026-04-01 18:30:00,EQ,1357.0,1358.2,1328.0,1369.2,1350.9,1350.5,1346.65,21280051,28656873097.2,335321,8175832,38.42,RELIANCE
105,2026-03-31 18:30:00,EQ,1384.2,1384.4,1362.9,1343.9,1369.5,1369.2,1372.02,14404619,19763387955.3,241179,7282785,50.56,RELIANCE
106,2026-03-29 18:30:00,EQ,1335.0,1365.0,1334.1,1348.1,1348.3,1343.9,1347.25,24393861,32864544984.7,426526,11425618,46.84,RELIANCE
107,2026-03-26 18:30:00,EQ,1401.0,1404.7,1345.0,1413.1,1348.0,1348.1,1359.97,23266517,31641734742.5,546051,12576544,54.05,RELIANCE
108,2026-03-24 18:30:00,EQ,1420.0,1430.5,1408.4,1411.8,1413.8,1413.1,1418.75,19041331,27014940455.5,313024,9035741,47.45,RELIANCE
109,2026-03-23 18:30:00,EQ,1420.0,1422.4,1406.6,1407.8,1414.0,1411.8,1413.2,18620893,26315089062.4,304313,9406770,50.52,RELIANCE
110,2026-03-22 18:30:00,EQ,1400.0,1415.6,1391.0,1414.4,1404.0,1407.8,1404.46,18979554,26655971496.8,385355,12347858,65.06,RELIANCE
111,2026-03-19 18:30:00,EQ,1398.0,1430.0,1396.1,1384.8,1413.6,1414.4,1418.94,22994918,32628466606.5,315139,12900815,56.1,RELIANCE
112,2026-03-18 18:30:00,EQ,1388.0,1415.7,1376.1,1408.1,1392.0,1384.8,1394.72,16498373,23010687830.5,305792,6933893,42.03,RELIANCE
113,2026-03-17 18:30:00,EQ,1397.2,1412.9,1397.2,1397.6,1407.2,1408.1,1408.59,9559327,13465178867.7,212371,5294209,55.38,RELIANCE
114,2026-03-16 18:30:00,EQ,1399.0,1405.9,1388.2,1395.1,1394.8,1397.6,1398.21,19007744,26576882526.6,273340,6726169,35.39,RELIANCE
115,2026-03-15 18:30:00,EQ,1380.0,1397.3,1363.5,1380.7,1394.0,1395.1,1384.52,22837802,31619378231.5,293132,12205501,53.44,RELIANCE
116,2026-03-12 18:30:00,EQ,1385.2,1400.8,1378.4,1392.2,1382.1,1380.7,1388.25,17265090,23968236254.7,315335,8282491,47.97,RELIANCE
117,2026-03-11 18:30:00,EQ,1390.0,1410.9,1381.1,1390.2,1390.0,1392.2,1397.56,20939959,29264877793.7,370385,8971814,42.85,RELIANCE
118,2026-03-10 18:30:00,EQ,1424.9,1434.0,1383.6,1408.8,1386.8,1390.2,1402.95,21848087,30651692543.4,358595,9837323,45.03,RELIANCE
119,2026-03-09 18:30:00,EQ,1430.6,1431.5,1400.6,1424.0,1410.9,1408.8,1410.92,18071259,25497167382.5,266712,6133565,33.94,RELIANCE
120,2026-03-08 18:30:00,EQ,1375.0,1429.4,1370.0,1404.8,1418.6,1424.0,1404.08,24870822,34920585822.3,363998,11723015,47.14,RELIANCE
121,2026-03-05 18:30:00,EQ,1396.5,1424.3,1390.3,1389.4,1407.0,1404.8,1412.87,19311971,27285257299.5,291792,10743452,55.63,RELIANCE
122,2026-03-04 18:30:00,EQ,1353.1,1399.0,1353.1,1345.0,1386.4,1389.4,1383.03,25957532,35899997226.1,339169,12618188,48.61,RELIANCE
123,2026-03-03 18:30:00,EQ,1330.0,1352.8,1307.0,1358.0,1345.2,1345.0,1334.6,32495007,43367943821.3,643399,20714128,63.75,RELIANCE
124,2026-03-01 18:30:00,EQ,1375.5,1378.6,1341.5,1393.9,1360.0,1358.0,1358.19,23728722,32228124369.6,384813,10106057,42.59,RELIANCE
125,2026-02-26 18:30:00,EQ,1398.0,1410.4,1388.1,1406.8,1394.9,1393.9,1397.46,12031440,16813512507.2,195405,7376442,61.31,RELIANCE
126,2026-02-25 18:30:00,EQ,1398.5,1412.9,1391.9,1398.5,1409.0,1406.8,1404.01,16683858,23424295896.5,242404,3827331,22.94,RELIANCE
127,2026-02-24 18:30:00,EQ,1435.0,1440.5,1393.5,1428.8,1400.8,1398.5,1414.07,10728792,15171307392.7,204165,5011078,46.71,RELIANCE
128,2026-02-23 18:30:00,EQ,1425.3,1433.3,1415.0,1428.0,1431.1,1428.8,1424.96,12529409,17853917144.1,196324,5007284,39.96,RELIANCE
129,2026-02-22 18:30:00,EQ,1425.0,1434.9,1418.3,1419.4,1425.0,1428.0,1425.5,7758856,11060270073.7,140217,3421775,44.1,RELIANCE
130,2026-02-19 18:30:00,EQ,1409.5,1427.4,1406.1,1409.5,1419.1,1419.4,1420.0,8177670,11612283011.4,161489,3391951,41.48,RELIANCE
131,2026-02-18 18:30:00,EQ,1443.0,1443.0,1400.0,1441.3,1407.2,1409.5,1415.94,11884664,16827934160.1,221944,2827496,23.79,RELIANCE
132,2026-02-17 18:30:00,EQ,1427.0,1442.1,1419.2,1423.0,1441.0,1441.3,1432.14,5521096,7906956447.4,121784,2260500,40.94,RELIANCE
133,2026-02-16 18:30:00,EQ,1431.1,1431.8,1418.6,1437.1,1424.2,1423.0,1423.1,10731630,15272175589.4,189670,3002495,27.98,RELIANCE
134,2026-02-15 18:30:00,EQ,1420.1,1439.6,1409.3,1419.6,1434.1,1437.1,1426.07,5896514,8408865413.3,160094,2667845,45.24,RELIANCE
135,2026-02-12 18:30:00,EQ,1445.5,1450.7,1416.3,1448.9,1418.6,1419.6,1423.73,10755693,15313221949.7,182348,6850399,63.69,RELIANCE
136,2026-02-11 18:30:00,EQ,1470.0,1473.0,1445.5,1468.7,1449.9,1448.9,1453.64,11135399,16186860274.5,195451,4230307,37.99,RELIANCE
137,2026-02-10 18:30:00,EQ,1459.6,1470.0,1453.6,1458.5,1469.0,1468.7,1465.14,7106877,10412535997.8,200342,4110465,57.84,RELIANCE
138,2026-02-09 18:30:00,EQ,1471.0,1471.0,1452.2,1461.6,1456.2,1458.5,1459.23,10259630,14971196098.3,181163,3096776,30.18,RELIANCE
139,2026-02-08 18:30:00,EQ,1458.0,1465.9,1453.0,1450.8,1461.2,1461.6,1462.26,5775864,8445811902.3,127171,3769208,65.26,RELIANCE
140,2026-02-05 18:30:00,EQ,1441.5,1452.8,1433.5,1443.4,1451.0,1450.8,1442.78,8277304,11942366313.0,133331,3361089,40.61,RELIANCE
141,2026-02-04 18:30:00,EQ,1457.0,1461.5,1439.5,1456.8,1441.9,1443.4,1444.91,11763658,16997446034.9,206465,6022075,51.19,RELIANCE
142,2026-02-03 18:30:00,EQ,1444.0,1464.0,1440.3,1437.1,1455.4,1456.8,1455.35,8333387,12127957783.7,189873,4811817,57.74,RELIANCE
143,2026-02-02 18:30:00,EQ,1473.9,1489.5,1430.2,1390.4,1438.0,1437.1,1445.7,25456171,36802006349.1,360494,15456249,60.72,RELIANCE
144,2026-02-01 18:30:00,EQ,1340.0,1392.9,1335.5,1347.0,1388.0,1390.4,1373.27,15711165,21575643258.5,379997,9829010,62.56,RELIANCE
145,2026-01-31 18:30:00,EQ,1396.0,1411.0,1335.0,1395.4,1342.8,1347.0,1377.13,9714528,13378145108.7,236369,4472543,46.04,RELIANCE
146,2026-01-29 18:30:00,EQ,1382.6,1398.0,1378.5,1391.0,1397.0,1395.4,1391.25,11239835,15637418399.5,159638,8394885,74.69,RELIANCE
147,2026-01-28 18:30:00,EQ,1402.9,1402.9,1384.0,1396.7,1386.9,1391.0,1393.55,20846683,29050818209.0,295986,13114958,62.91,RELIANCE
148,2026-01-27 18:30:00,EQ,1385.0,1409.9,1384.9,1380.5,1398.5,1396.7,1396.85,11121657,15535335257.6,209556,6458005,58.07,RELIANCE
149,2026-01-26 18:30:00,EQ,1380.0,1391.6,1368.0,1386.1,1384.0,1380.5,1381.87,26302396,36346567203.1,337571,16574037,63.01,RELIANCE
150,2026-01-22 18:30:00,EQ,1401.8,1407.0,1381.0,1402.5,1387.0,1386.1,1391.32,9837802,13687560136.7,263283,5041469,51.25,RELIANCE
151,2026-01-21 18:30:00,EQ,1410.1,1419.5,1395.0,1404.6,1404.1,1402.5,1403.8,15721693,22070150220.1,391641,7029268,44.71,RELIANCE
152,2026-01-20 18:30:00,EQ,1389.5,1412.9,1373.0,1394.0,1407.5,1404.6,1399.14,17352720,24278965746.3,412452,8416217,48.5,RELIANCE
153,2026-01-19 18:30:00,EQ,1410.7,1416.0,1390.0,1413.6,1392.4,1394.0,1401.05,13189498,18479164578.5,382470,6601674,50.05,RELIANCE
154,2026-01-18 18:30:00,EQ,1450.6,1450.6,1403.3,1457.9,1413.2,1413.6,1415.36,20392765,28863128634.1,569720,10847268,53.19,RELIANCE
155,2026-01-15 18:30:00,EQ,1458.8,1480.0,1455.1,1458.8,1461.0,1457.9,1464.15,17167161,25135247618.0,289037,11151787,64.96,RELIANCE
156,2026-01-13 18:30:00,EQ,1444.0,1467.0,1440.2,1452.8,1458.8,1458.8,1458.22,8321764,12134950551.2,167816,3893699,46.79,RELIANCE
157,2026-01-12 18:30:00,EQ,1485.0,1485.8,1444.7,1483.2,1456.9,1452.8,1457.67,13499760,19678131155.4,289198,5901025,43.71,RELIANCE
158,2026-01-11 18:30:00,EQ,1475.3,1485.3,1451.0,1475.3,1484.0,1483.2,1469.79,8883745,13057259395.4,236827,4884119,54.98,RELIANCE
159,2026-01-08 18:30:00,EQ,1465.0,1479.9,1465.0,1470.6,1476.0,1475.3,1472.13,8335311,12270672520.9,237412,4678450,56.13,RELIANCE
160,2026-01-07 18:30:00,EQ,1500.0,1503.9,1468.8,1504.2,1470.7,1470.6,1477.72,16518684,24410037550.1,443727,11541052,69.87,RELIANCE
161,2026-01-06 18:30:00,EQ,1510.0,1520.0,1498.0,1507.6,1505.1,1504.2,1506.81,11199340,16875253099.5,302077,6718330,59.99,RELIANCE
162,2026-01-05 18:30:00,EQ,1569.0,1569.0,1496.3,1578.1,1508.9,1507.6,1516.17,27417125,41569080602.2,583917,13827457,50.43,RELIANCE
163,2026-01-04 18:30:00,EQ,1593.0,1611.8,1575.3,1592.3,1577.0,1578.1,1589.36,8704973,13835333400.1,227204,5829320,66.97,RELIANCE
164,2026-01-01 18:30:00,EQ,1580.0,1594.6,1578.2,1575.6,1593.0,1592.3,1589.16,6602230,10491999169.4,156023,4876895,73.87,RELIANCE
165,2025-12-31 18:30:00,EQ,1573.7,1592.5,1571.1,1570.4,1572.9,1575.6,1578.67,6408128,10116346867.1,134062,2100118,32.77,RELIANCE
